page,url,listing_count,status,html_sha256
1,https://resumekraft.com/resume-samples/,12,reviewed-index,add6385077ef06665084166403896048c0ab0bd1fcbcf228543cfc9b4be7eef8
2,https://resumekraft.com/resume-samples/page/2/,12,reviewed-index,73b22fe3af1ee5c02d576719a4676085f7a4f5a688dd5718631dc299f00fa174
3,https://resumekraft.com/resume-samples/page/3/,12,reviewed-index,5549fa61a79ce5ed388f62430cb429331b33dc0f956458257ce4ed44cea6fc1f
4,https://resumekraft.com/resume-samples/page/4/,12,reviewed-index,7a3e57cf2d87e26fb2ed67ea4d23d3cb57b0e08e5b6f453694668fed6ab4c1a6
5,https://resumekraft.com/resume-samples/page/5/,12,reviewed-index,2899a2cc6ea1566ee46427498ffbc364559eb061a1d58c65affb9d7bb38c080b
6,https://resumekraft.com/resume-samples/page/6/,12,reviewed-index,06842b5d74cfd13d8461c539174c324d2b2a439ff59a0510d5645685ee3c0e6f
7,https://resumekraft.com/resume-samples/page/7/,12,reviewed-index,405b61859651c32025f205511946425cf08423d52f1e93e6a9a6d8ec02e4a3f2
8,https://resumekraft.com/resume-samples/page/8/,12,reviewed-index,42135c0b83434a312f17c6f8e54cb16b34714c535a71b75cff49cde86743fbae
9,https://resumekraft.com/resume-samples/page/9/,12,reviewed-index,46aa9a8ee927753bc6fb564f520c1584befe69b189bc865adef44afef583af52
10,https://resumekraft.com/resume-samples/page/10/,12,reviewed-index,1eb859aee6aa28ee6013c4970a47e80e791b4b88907f9e1fcc6e1d36e5a7e590
11,https://resumekraft.com/resume-samples/page/11/,12,reviewed-index,1082527ef3bd245e72c7c8e8cdf934aca27355c67049c827098fe689a777dd64
12,https://resumekraft.com/resume-samples/page/12/,12,reviewed-index,31cd642435729af3e514e305aeb9caa964a4b53151b06c8312ead670e2c751dc
13,https://resumekraft.com/resume-samples/page/13/,12,reviewed-index,9b4236028bb838c2246c0f2b43b1e847b7f9d04c2231a90f89d7c4d7c98def7f
14,https://resumekraft.com/resume-samples/page/14/,12,reviewed-index,9474c755b8eacd715b56a41b034363d3f58540a717880f1bb703e5802108ea63
15,https://resumekraft.com/resume-samples/page/15/,12,reviewed-index,3dc3af45978f27bd211132053a1ccceb1e874153dc95ed18afbaaa1bb228304f
16,https://resumekraft.com/resume-samples/page/16/,12,reviewed-index,93092826c5fd0269fcf0d4eda983e200e31b692e847fb8034ec5d5e9ba3661e5
17,https://resumekraft.com/resume-samples/page/17/,12,reviewed-index,274f7d49c4e4d0e72435a67393454d94f27bfe48365ca00fe4e0bbb47fa026dd
18,https://resumekraft.com/resume-samples/page/18/,12,reviewed-index,3f3608dc66e203ba913f975d04bc76b8b4e2e40dae3cf0221304f5366ba47d03
19,https://resumekraft.com/resume-samples/page/19/,12,reviewed-index,f87c665f3067a2f410b5277fc4a06466da0d8a4d4818108e465ed4967181e4dd
20,https://resumekraft.com/resume-samples/page/20/,12,reviewed-index,74dfaf794a8124247ea10255522602809b67c6c6a63b3eb3e200f6eaf956e7e1
21,https://resumekraft.com/resume-samples/page/21/,12,reviewed-index,268ad907ae2c7ae26cdeb1660553d36c9c9a5d7cd8e04246cdda926425dadf9a
22,https://resumekraft.com/resume-samples/page/22/,12,reviewed-index,f14b655475a3676e80e2042bacb94937c012a4c13ee77843c5af661ee0f2c5eb
23,https://resumekraft.com/resume-samples/page/23/,12,reviewed-index,1014e88db0421dc492b255f0e813ae37abb9c3bbd681bac12e7725ac9e810c72
24,https://resumekraft.com/resume-samples/page/24/,12,reviewed-index,eaefd88fbf440d30e751712a0056cbc302c902538d19da7ccdfc472c75e36d6b
25,https://resumekraft.com/resume-samples/page/25/,12,reviewed-index,fd2b312ab01b8279f045648b23942a610a782cd49dcb1374fddae8fe52c47d03
26,https://resumekraft.com/resume-samples/page/26/,12,reviewed-index,cf8c3c7ddc1eb35e2c7a6b851f48fe294c7fc40fd3aa1e27bee7912190c7f599
27,https://resumekraft.com/resume-samples/page/27/,12,reviewed-index,0a3cce99e2323ff9beeaafe2b38b6dbfe709ae8d264adbf9f32633d8e3a2bf1b
28,https://resumekraft.com/resume-samples/page/28/,12,reviewed-index,c61965ce2218df6cdd38f39b8d4ffd9a531b0f6093a4ea206e0b4864882cc3d6
29,https://resumekraft.com/resume-samples/page/29/,12,reviewed-index,884bede54979cfc507a80946c651e993ba2ea006d8b3e93f6f2b7d4a83f49fb9
30,https://resumekraft.com/resume-samples/page/30/,12,reviewed-index,b843b87d4e8491abadf18e1e46924829a2d3deec338532f9608c4c69bcd5be40
31,https://resumekraft.com/resume-samples/page/31/,12,reviewed-index,fd556b0fb8b0d3f0d04e6b4504966d4a37aef83977957105e306aa60cae1b719
32,https://resumekraft.com/resume-samples/page/32/,12,reviewed-index,0e835c93be101170acca3f9003d9860b559f6f02920ca846f515069146cee3b0
33,https://resumekraft.com/resume-samples/page/33/,12,reviewed-index,dae2c92f0f6acc090bff2474bb59d6674ab3c5ee9594d9cd229cc912c03c23d0
34,https://resumekraft.com/resume-samples/page/34/,12,reviewed-index,66d1340bd6bc65b3deabc44908db306bdf948357fb8ef2120d2a00b1140aaf0c
35,https://resumekraft.com/resume-samples/page/35/,12,reviewed-index,c9fb99c6d42330c69a8e9d93c4ff28dcc482a385d5474ed1f840dafe36ec9842
36,https://resumekraft.com/resume-samples/page/36/,12,reviewed-index,76dbfd10db4d3fb3ec75de2ae5245e2402321b09c20f526ed853671299ec7fc5
37,https://resumekraft.com/resume-samples/page/37/,12,reviewed-index,2f0ab50c73e4b4bdd55eddfafcd3decba3991ee37b470bd23eeaf4ad26d53a60
38,https://resumekraft.com/resume-samples/page/38/,12,reviewed-index,06ffd64a48e3e915e8b8ef16df43c74be9516855009229eb17deee2f12e4eb9d
39,https://resumekraft.com/resume-samples/page/39/,12,reviewed-index,9e78c31e1758a027898b175550b2936176aef05de0d60758b29d71dbf132ee83
40,https://resumekraft.com/resume-samples/page/40/,12,reviewed-index,b49d894ae36af41db2d9441e6c5e5e50f198da753e65593b084e164f9cae66ea
41,https://resumekraft.com/resume-samples/page/41/,12,reviewed-index,8e23ba697f827889f0ef83a86b5bb0ba703cac75eb3d7aa2cc371cb37e35bdfa
42,https://resumekraft.com/resume-samples/page/42/,12,reviewed-index,44600a7415633ccccbd0bb5b535613d99fb4844fa27d7a7c7225da62f924da1f
43,https://resumekraft.com/resume-samples/page/43/,12,reviewed-index,a117022820395198220964899b863fd602c8bec805c5cdec633aafd9acca080f
44,https://resumekraft.com/resume-samples/page/44/,12,reviewed-index,45e5faff2089962f15561a4c4b815c8ec656d3b36e7d776b05ebc2b0be0cb263
45,https://resumekraft.com/resume-samples/page/45/,12,reviewed-index,a2f9c1d7ba060921d829c6dce7cbdd9b0c7e5acd3aaaf58bbd435bc805adb45a
46,https://resumekraft.com/resume-samples/page/46/,12,reviewed-index,595aa0947dcd47da84546e818f3756a18243b36106cdcbc54544e6cc0c3dc009
47,https://resumekraft.com/resume-samples/page/47/,12,reviewed-index,5428f8b547d1bf7a92d193e849550151e2907443be452270e05045a81ec05b26
48,https://resumekraft.com/resume-samples/page/48/,12,reviewed-index,ec51df628cde4db6cb138b3ae7a8d7d898897e44094e6d9f4a1e835b813f83a1
49,https://resumekraft.com/resume-samples/page/49/,12,reviewed-index,9aa64213927b1be4dd98b210917e4578c87e537554242f78a8f7e24f78512b02
50,https://resumekraft.com/resume-samples/page/50/,12,reviewed-index,491e94a113e51e15114f96e394fdf5ac35a3c9a0d1106a8993f7a6396d1f640c
51,https://resumekraft.com/resume-samples/page/51/,12,reviewed-index,3c00e41db2d7427b7b0b50cd0683b4884df08cd92b1567557d928c1194df8385
52,https://resumekraft.com/resume-samples/page/52/,12,reviewed-index,4b1f961ced51c9edb1e6157dd1a9cf3118c694eb489915847bc78ae2e429a2cc
53,https://resumekraft.com/resume-samples/page/53/,12,reviewed-index,d405e07567a6b3c63aecb7e48c7330558021b160c80d5b684b29a889194ee9ad
54,https://resumekraft.com/resume-samples/page/54/,12,reviewed-index,7ffffef0e82ddaab44e5a0a0642b52c53bf47ce6e8996e8f7399f0032b7f4285
55,https://resumekraft.com/resume-samples/page/55/,12,reviewed-index,f1da98581be06ff865babe2b91d3476d51368d09660bb65b7bbf55373bb3a1ab
56,https://resumekraft.com/resume-samples/page/56/,12,reviewed-index,cdfd05c75b04835d9c50c5841de9b1a7e63bf4d1e9a0c3d516d5625761528fc6
57,https://resumekraft.com/resume-samples/page/57/,12,reviewed-index,b994d7342de819171223200925a94ab12c8d6e5b9db39f0403674083c002b4f4
58,https://resumekraft.com/resume-samples/page/58/,12,reviewed-index,049dd02514f3f9eaef5716f69635f7e8ea28e41f703e5c75fb46c03f44996837
59,https://resumekraft.com/resume-samples/page/59/,12,reviewed-index,c3f23a7fa64ead25c3a80132ffb7216bcc99a489dbafd3ca7d581070e8a26456
60,https://resumekraft.com/resume-samples/page/60/,12,reviewed-index,c78e6ca801ec2073dd80016fa6cd0fedd0d367a32166bf5060601d53bae7d16b
61,https://resumekraft.com/resume-samples/page/61/,12,reviewed-index,3c5bc1b000f669a40173ff694071c195fd143b261a08b1cd40d04d31b0a4cf14
62,https://resumekraft.com/resume-samples/page/62/,12,reviewed-index,c639fd81267af87a1478242c88201723793bc1f2773ba45ebd5bcb75bcd02d93
63,https://resumekraft.com/resume-samples/page/63/,12,reviewed-index,3a43d82545c40cd4dfcefdef6cdd96ba4832d8cbc6cf80c352c7754dc5d1946d
64,https://resumekraft.com/resume-samples/page/64/,12,reviewed-index,8a8f3394b64b2879e468668cb80ded614723108a2f2c677fd341921cdbe65bef
65,https://resumekraft.com/resume-samples/page/65/,12,reviewed-index,c31909befaf0adc94fab39515e6db30cb4256a28b2fe977d6c7aeea2d51187ad
66,https://resumekraft.com/resume-samples/page/66/,12,reviewed-index,3bcc370e173874c1c65d47e175ab08d2d16ba0df0b3e92057548e5fcb3a09cfe
67,https://resumekraft.com/resume-samples/page/67/,12,reviewed-index,fa0e7b8591d6513ec6a149bbaf22dc549fc3835d71079415a415c85c27422371
68,https://resumekraft.com/resume-samples/page/68/,12,reviewed-index,a50b0a8df5cec64244a69748be8e11d5c8d26d98ba3c94e3608c1e805a871a83
69,https://resumekraft.com/resume-samples/page/69/,12,reviewed-index,9bccc88b414b37b50d7ebd532dc20c5b15d145d856025593f6e0a7432e8aab92
70,https://resumekraft.com/resume-samples/page/70/,12,reviewed-index,7c3890c1b58cd73082e831d8989fc15be69f1741f3c576f711f08416058d19cf
71,https://resumekraft.com/resume-samples/page/71/,12,reviewed-index,8bbd75d8f74bc2a83e9ab241179365a2bd47fe6a6897979dab67fa7d813acf5c
72,https://resumekraft.com/resume-samples/page/72/,12,reviewed-index,bc5d6f35914af63401b7e31e0ae05c7e0279bbdacb308ac6818402c60ad99685
73,https://resumekraft.com/resume-samples/page/73/,12,reviewed-index,6836251d67215bfcba0060ba1af6545c3bf571a72abb3bdd63e05e19b69d539b
74,https://resumekraft.com/resume-samples/page/74/,12,reviewed-index,c983d3e5a1d0ae8647e77e5f240de122bb795c470a914f7bf6232c5407998c92
75,https://resumekraft.com/resume-samples/page/75/,12,reviewed-index,faf6426c01f7bde001b92e777e6642df439821edec5ca6bf9d2f24f019a308c8
76,https://resumekraft.com/resume-samples/page/76/,12,reviewed-index,374ba9448b0d88e320b2fd3a707554749d18bab25fe75f79228beb5788c9eeee
77,https://resumekraft.com/resume-samples/page/77/,12,reviewed-index,fab6bbedd873a70e32283b2e506caf3d8785af14b2b9afdb24cee44fc52eed99
78,https://resumekraft.com/resume-samples/page/78/,12,reviewed-index,59122fc4ea483dc05caa8e0e9d8185c4a75966af53bd9eb60bdc141cd4c27fe3
79,https://resumekraft.com/resume-samples/page/79/,12,reviewed-index,651baa5e2b597d4c022838fe8098da2bee72722980d433a8303b7d6736475553
80,https://resumekraft.com/resume-samples/page/80/,12,reviewed-index,acac98b5df3a701725ab24925a8f40fe2f4431e3a2a91ebec1479a83d66c1b9d
81,https://resumekraft.com/resume-samples/page/81/,12,reviewed-index,cf51bcfc3f284ed1cca7fc25752f3cfbdc249089ca693c0aa5369f71916df7c1
82,https://resumekraft.com/resume-samples/page/82/,12,reviewed-index,0ee6f03d37f623e059bf29eb139d3338ac9d58b9524bcedb035861756992045d
83,https://resumekraft.com/resume-samples/page/83/,12,reviewed-index,9edd5eee4a4fdef5493d3e15487f7a3f4769a76da507685ac7cc4ec1f1e3c7ba
84,https://resumekraft.com/resume-samples/page/84/,12,reviewed-index,aba8d948448b0d69e35998137f2c72248e899acf4e60540258aa313a59029f8d
85,https://resumekraft.com/resume-samples/page/85/,12,reviewed-index,2885582ae97ed926446bc0754dc3b71f8d637daaf3d7d84b46aa0498c4f673cf
86,https://resumekraft.com/resume-samples/page/86/,12,reviewed-index,0518363187c7aabff4405541e8e0acacad44f30cf3272d566bb279f7662d7c3f
87,https://resumekraft.com/resume-samples/page/87/,12,reviewed-index,37db928966fa191413d394a4af43a33984c19affb346a14b11605586c9705489
88,https://resumekraft.com/resume-samples/page/88/,12,reviewed-index,c32e54e37a8e2dd42e655e08bf984ead5cbec43b9a3de6a5f4bfd6c7fd7db9ee
89,https://resumekraft.com/resume-samples/page/89/,12,reviewed-index,8dcad69bbc786c351da22215e97e17070329c91220736bf11dfef5fd444d834a
90,https://resumekraft.com/resume-samples/page/90/,12,reviewed-index,805fa402369f41ae056dd44fa7a401de99fc7dbae558dde992277c5ed087a340
91,https://resumekraft.com/resume-samples/page/91/,12,reviewed-index,9315a9aa3cbf473a855b5136f70b32cc115a5387b3b8e585d60533ec51bf76c5
92,https://resumekraft.com/resume-samples/page/92/,12,reviewed-index,de09fd447c03a5879b0c45a9bc48f362988bbb95ed5ac2eb3d8e739ca7bfa2d2
93,https://resumekraft.com/resume-samples/page/93/,12,reviewed-index,2506e723e9eec532cbb73fb38e94e1f224e181994e7f20d6ae6912db43133272
94,https://resumekraft.com/resume-samples/page/94/,12,reviewed-index,595b707e18997b571a65196f351240732b258ef54e64b5c910ee8fa926bc69c2
95,https://resumekraft.com/resume-samples/page/95/,12,reviewed-index,c30720f1dd50bce2d39522f7f4f394dcf0481f1b5ae21618f5be0bda47ddef4d
96,https://resumekraft.com/resume-samples/page/96/,12,reviewed-index,57c44f6afe0870452b87efda67dacbbd675149eea9b6a5083020cc72cec61c1f
97,https://resumekraft.com/resume-samples/page/97/,12,reviewed-index,747695b06cda26ecf138ff9b88cd5400f8b5b5f3a34dfaede642c5d9a3ad9c2a
98,https://resumekraft.com/resume-samples/page/98/,12,reviewed-index,214120c66b20de3a6ddcdd7fb08248e86a543f73cd2959b83671474525a5d682
99,https://resumekraft.com/resume-samples/page/99/,12,reviewed-index,df3f54d2d8d211812cf068b0e69550b6cf0e54742d08e616e994cb26cff8da21
100,https://resumekraft.com/resume-samples/page/100/,12,reviewed-index,c1f1c63653dbedc3310e81c9a89f905c8f5529bda5a04a620a79fb3b5f02c48a
101,https://resumekraft.com/resume-samples/page/101/,12,reviewed-index,d0cbc16c80545c8f3769663ce3f554db8397c43d46f81787cfd0261afd2f53a6
102,https://resumekraft.com/resume-samples/page/102/,12,reviewed-index,3c4a47e309259982690f15ee04b5514ab2d406586ca40ee4947e278748b5bc68
103,https://resumekraft.com/resume-samples/page/103/,12,reviewed-index,d8d2ddbcc32bd97c5b05e88e8c13fca82056ea368cbef67273b5d315d6d6adb3
104,https://resumekraft.com/resume-samples/page/104/,12,reviewed-index,222ba9efdce2a2157ae180f8df21b79e00e60be188232539704a1f069d2396cb
105,https://resumekraft.com/resume-samples/page/105/,12,reviewed-index,da900ee4b2d8d7e8a983e52787c9146ba86be06cdf18e78bff832c00cce255df
106,https://resumekraft.com/resume-samples/page/106/,12,reviewed-index,ddbcc7196a78079ede34af66354243ebf64c2a620a78e0052f36199b46950149
107,https://resumekraft.com/resume-samples/page/107/,12,reviewed-index,2b4f41251a5fa51d4b893f24586fdce972843de928f5e772d515e9fea5ad7d1e
108,https://resumekraft.com/resume-samples/page/108/,12,reviewed-index,c3cf036dce005544c7671e8b024c8deaaf492a581c56ea4d45285b40fb4fe990
109,https://resumekraft.com/resume-samples/page/109/,12,reviewed-index,31996bd90edcc24feb1f16bcd5d459afa89692949dd2e38a42195909fa3d1f20
110,https://resumekraft.com/resume-samples/page/110/,12,reviewed-index,6843409f220be8dacdd99bc7699884a9330cb369c81b704c89a29cac603279cb
111,https://resumekraft.com/resume-samples/page/111/,12,reviewed-index,8a632b83267184b5ede0ebce31648492acdc67b9556afab1a173e9c7b132c5dd
112,https://resumekraft.com/resume-samples/page/112/,12,reviewed-index,11cd5dff49488760986cd751a9a0d668ae29e4dfc41e69d85b80f04111f8bba7
113,https://resumekraft.com/resume-samples/page/113/,12,reviewed-index,68fc99c440432fbb110a9aaa0fda5e2836ff08e91eb7edc7684e4551332738d1
114,https://resumekraft.com/resume-samples/page/114/,12,reviewed-index,b2d06c875aa4ee9455b779318ea02eb8ecd0e5566a95751858924d71ed19a7fd
115,https://resumekraft.com/resume-samples/page/115/,12,reviewed-index,1b384ef0cc0c549658ced538cabece53e0b6dc9ab72c9f198c1301fd83cc4c6a
116,https://resumekraft.com/resume-samples/page/116/,12,reviewed-index,e9308f16dece4999435641b61e687f1e428f182ec43b712dc541913f8f62b693
117,https://resumekraft.com/resume-samples/page/117/,12,reviewed-index,3a06ee58aff00b9a368e2548e9ba729890a6d8b8a9929e0edb1031a3fcaed559
118,https://resumekraft.com/resume-samples/page/118/,12,reviewed-index,cb92c5b825d0a16c3d5711f7224cdcf92c0571a13376ae9dfebcfd5c1c6f35eb
119,https://resumekraft.com/resume-samples/page/119/,12,reviewed-index,69e4bba5ce80cf4105f4a5d740bafb00f4e4fcd6ef9fdb25ce75cadca2a97574
120,https://resumekraft.com/resume-samples/page/120/,12,reviewed-index,38f142e82a143b57ea79f19c80dfccce3d8792755133c5fd96f7192a4b7e27b0
121,https://resumekraft.com/resume-samples/page/121/,12,reviewed-index,17bbdd3e849f17e61dad7fdb6091f8742a6fc88acffdce2bf8dbecd311b76255
122,https://resumekraft.com/resume-samples/page/122/,12,reviewed-index,a8a137835be435e89d365f24cde6e35a1fb9a454a110e56d8580daa27a56b771
123,https://resumekraft.com/resume-samples/page/123/,12,reviewed-index,60237edcab6d4b88fac24ce3984edf7dc057a069ef13da3dba22733f5f0057ba
124,https://resumekraft.com/resume-samples/page/124/,12,reviewed-index,7a35140e4c5191b3b05ac910b74df1534bbb6bfdb0293064189216b025c16bc6
125,https://resumekraft.com/resume-samples/page/125/,12,reviewed-index,4716abee839e5965cbc7c82e6758f42027029cb559e52b26e1289590ea7278f7
126,https://resumekraft.com/resume-samples/page/126/,12,reviewed-index,864684050bfbbf4d3bfe10a347c37face02dc4c80204748876110a1143162802
127,https://resumekraft.com/resume-samples/page/127/,12,reviewed-index,44e8acc87d70d7eeb2b5b7bb900e215f25d7799a0a4288bf83f6f4dbb33ccfcc
128,https://resumekraft.com/resume-samples/page/128/,12,reviewed-index,0dbc0cc4302e81171f2720d067f75c0eddc295c190805d2ab60862613156be70
129,https://resumekraft.com/resume-samples/page/129/,12,reviewed-index,31ec1dd44506c9af8cc9101dc9b93367414c6f246fc107401761873b10360493
130,https://resumekraft.com/resume-samples/page/130/,12,reviewed-index,35b20989447b1e5801298affeecab7b8c3cb5bc320cb649d6545e1feef17e3c3
131,https://resumekraft.com/resume-samples/page/131/,12,reviewed-index,c379e6bc854fc9e1302ac0953beef40439e9c282007ffd24d7ea12ad35863941
132,https://resumekraft.com/resume-samples/page/132/,12,reviewed-index,27c9f25b2ad23dc95e23f69ab8c52dc9fb9d045e5fa5cfb7b4c21242a090da60
133,https://resumekraft.com/resume-samples/page/133/,12,reviewed-index,2c5464af1b4597e92f40c18d643733dd10b53448eacbd6e2ebf3c615b4ae15e9
134,https://resumekraft.com/resume-samples/page/134/,12,reviewed-index,19f1a397304d1003078a359e0f01bd00e1ae47a84de926b31a703d26fb816aae
135,https://resumekraft.com/resume-samples/page/135/,12,reviewed-index,0ae84a1f175ccb579fb178ba27412d83fc0ac88185e448c557f81ca9bbfb6170
136,https://resumekraft.com/resume-samples/page/136/,12,reviewed-index,93b80178c7d82c1028bbae7f70c1524c797bd877a921fbf36f688f376afc299a
137,https://resumekraft.com/resume-samples/page/137/,12,reviewed-index,0a764002c7b16db04b181ff5aca76ace4ab3bffad530ad16ff35e8af6f54c792
138,https://resumekraft.com/resume-samples/page/138/,12,reviewed-index,9b796c910ecbd4d3599b7b09a7701312b600d9aeda36ffa4f73bda26ad674ee4
139,https://resumekraft.com/resume-samples/page/139/,12,reviewed-index,30053902b646fc00824bce2721a7f563a2834c8a3113654f0de19154dd5a7ac1
140,https://resumekraft.com/resume-samples/page/140/,12,reviewed-index,c8b62b3f652ad75f517dbe91e51ae96531cb72faa154a02c9e80bd9da226209c
141,https://resumekraft.com/resume-samples/page/141/,12,reviewed-index,ddcf45e266d5d9550bc3f1b37cdc6b2c556ebbed5099551d5cdc377c1a6d9ec8
142,https://resumekraft.com/resume-samples/page/142/,12,reviewed-index,374487a7037a74bf60ac6a09dbe41dfd85d0cb42635eeb3742948a36905a8098
143,https://resumekraft.com/resume-samples/page/143/,12,reviewed-index,d3a725efd05b8132dfec2ef53ef32580f4a36fc07a03298e006259c6a0cbac18
144,https://resumekraft.com/resume-samples/page/144/,12,reviewed-index,cdcf70d63743ff580fe50ae8c6a1d08cbc2d7ad780cb8a614a31ba984b4867ce
145,https://resumekraft.com/resume-samples/page/145/,12,reviewed-index,575efab9b403033b30d057a3226f5c71d089347b63d16ac6bcb64cec96a98616
146,https://resumekraft.com/resume-samples/page/146/,12,reviewed-index,c4563a15cb0fdd71aaaf8fbfa3981f633d2503826b3113251899a54eb54abcce
147,https://resumekraft.com/resume-samples/page/147/,12,reviewed-index,7667bf272fde0b67cbca6b07f03cd5384ada37c8873ff6e1f02e7923786279c2
148,https://resumekraft.com/resume-samples/page/148/,12,reviewed-index,9e786ed9b9e0fb2d85b6c5932972cc9802c9413659ad9108744b01797104abfa
149,https://resumekraft.com/resume-samples/page/149/,12,reviewed-index,c189437ca2fc237c0b22795839ceaf14edd6a3706e68c9497d60e9be4224dec0
150,https://resumekraft.com/resume-samples/page/150/,12,reviewed-index,56d09f897340c98d084f9610c0bb5d5a2d348fe6777fe425d82efe4f17b9d970
151,https://resumekraft.com/resume-samples/page/151/,12,reviewed-index,b83cae76eaabfcc9ae38ca053c116def087091f24033caa35d2bedff9e0881e1
152,https://resumekraft.com/resume-samples/page/152/,12,reviewed-index,30d577d3fccc33ed7450b3c5f8f50762067f34d9aaaa9ff0e9ab8884ca2ed062
153,https://resumekraft.com/resume-samples/page/153/,12,reviewed-index,a57fd98b10a925c3eb1877f965b5089bb4872fe456ccd63865bae6e22dd85639
154,https://resumekraft.com/resume-samples/page/154/,12,reviewed-index,312772b11425e462422fa412f74b1fffce5096cdaf6187b0817dec31fbc4179f
155,https://resumekraft.com/resume-samples/page/155/,12,reviewed-index,2c57ca6039bd8653a12b5820d39f30ad44abfa33afb26d0b0229386bf8d80811
156,https://resumekraft.com/resume-samples/page/156/,12,reviewed-index,3eee085309ca4ab787a3a4503e20e0ed6e22cd2e91eab6d7cd86c1e1f0681f3e
157,https://resumekraft.com/resume-samples/page/157/,12,reviewed-index,a4b1a76e11150924ecffa8068cb7bc8fc0064878fdb78c37c471580ea19f09cc
158,https://resumekraft.com/resume-samples/page/158/,12,reviewed-index,6b6058c7c4b074463572b7e144a8f41ff1e0b14280c77631962ca8dbb22a629d
159,https://resumekraft.com/resume-samples/page/159/,12,reviewed-index,7d101ed1ad1b9112e484a7b31f0f070750aa079ca10b27c71cb2d94d83d6fdf3
160,https://resumekraft.com/resume-samples/page/160/,12,reviewed-index,dc99c16b4d1fed4e229ce1ff4d5734f9567e40987554830290333cdc57d3ba75
161,https://resumekraft.com/resume-samples/page/161/,12,reviewed-index,fa2f31853539e92feb97057f98be1255532b10e801d3a1950f13858c3407bf18
162,https://resumekraft.com/resume-samples/page/162/,12,reviewed-index,8ad1c938cf4a00efea6ad9f6f2856ac4babe3268e9ed8781fb58e73eb88aa0e0
163,https://resumekraft.com/resume-samples/page/163/,12,reviewed-index,76ce7dd653438746196b4d2dc45d7ea62b87d33e5c85b4245ea42cfbdafc7233
164,https://resumekraft.com/resume-samples/page/164/,12,reviewed-index,5f7f37046eb4170e01a595b9beecad6cb1d49a949067c9ac749840d87c12c470
165,https://resumekraft.com/resume-samples/page/165/,12,reviewed-index,ffb4f542437086668f8565e896ec50de5f969e1280d47346f2527c0dec539d9a
166,https://resumekraft.com/resume-samples/page/166/,12,reviewed-index,958032b34c21af80ccc189a68c6ad2c9d5564bffde611859c87a90c0558c43af
167,https://resumekraft.com/resume-samples/page/167/,12,reviewed-index,50c207c2e99e20be83c36fc53727104f47c4731b36f819fdeab6d7927668ce11
168,https://resumekraft.com/resume-samples/page/168/,12,reviewed-index,da979ecd7edd031a532ec1b1191b70d652995c62e26e5429ee2cacc38d481fd6
169,https://resumekraft.com/resume-samples/page/169/,12,reviewed-index,720a76512125c11227eb12c6921943c3608fb39a2ff6a82bbd8d8e1ccd039193
170,https://resumekraft.com/resume-samples/page/170/,12,reviewed-index,ce99ddfb6877984b21eb3f69dbf8f6627a66be2ef43bcc1ffeedcd85ec56dc72
171,https://resumekraft.com/resume-samples/page/171/,12,reviewed-index,4646fe64ad17d9463096bd58059f54a0a5dad1933fdc88a4f220a9549cd6cfc2
172,https://resumekraft.com/resume-samples/page/172/,12,reviewed-index,f9c147e5514fdc787e258a684dc0360dd903a19f17a915fa5a104b242ad8e3ad
173,https://resumekraft.com/resume-samples/page/173/,12,reviewed-index,741460a6c97b068be4fba88d4a56282f9d5dd7d435f7a967cfe4b93fbe92bbc2
174,https://resumekraft.com/resume-samples/page/174/,12,reviewed-index,879940a4cfee2334c52842afcc97a5eb9ac50862664f1de6cfb1574adf1ffd30
175,https://resumekraft.com/resume-samples/page/175/,12,reviewed-index,790e0e8163749330a9605caba4b86b9a2c6e819ccab69cab90ca7f9b97880340
176,https://resumekraft.com/resume-samples/page/176/,12,reviewed-index,2c8606c14ff2a9b03fb9ad517e5fc9c08977ed1074044ee35b14ea8401f255c7
177,https://resumekraft.com/resume-samples/page/177/,12,reviewed-index,b13de2b021ee759b19095ad0e99276b966bdcd0459a716e3c6c1778583197580
178,https://resumekraft.com/resume-samples/page/178/,12,reviewed-index,4b34bec29d72a29bb9e58a60986ec9a46537cdfe0e0a99b3e5758cb66c0fa159
179,https://resumekraft.com/resume-samples/page/179/,12,reviewed-index,1e9041a70c115fdaf3c7d498a1e211b331aec689d365208698e19cdc99104bc1
180,https://resumekraft.com/resume-samples/page/180/,12,reviewed-index,55fb7d4c07add5f28e79bfd0a21ad5e83b6b56c544aab3143f23806464e8dd29
181,https://resumekraft.com/resume-samples/page/181/,12,reviewed-index,f26dd5f0a1669d794e889484362c66bbcdd5b6611036c2765581e77e17c56ced
182,https://resumekraft.com/resume-samples/page/182/,12,reviewed-index,45016608fa2f757ea7a30cfc9e518b7b0b8eaadce51903a267aca03eac781569
183,https://resumekraft.com/resume-samples/page/183/,12,reviewed-index,877849e6ed949f7a5647338e976fba8deeec169400b7a7ef560ea6685a1f21e2
184,https://resumekraft.com/resume-samples/page/184/,12,reviewed-index,77bb316fb56d920e2401737440b2bbf1cc76a57ce74e9408fe7e47d811731e20
185,https://resumekraft.com/resume-samples/page/185/,12,reviewed-index,16f0f382820eb16d2ec800f403ac411cd0c015948d8a3e0daed10a648d0c9d1f
186,https://resumekraft.com/resume-samples/page/186/,12,reviewed-index,6351a4c8a7f113bc8c10592e0bc522c7a6ad03129096d26d78697dbbe1d878fe
187,https://resumekraft.com/resume-samples/page/187/,12,reviewed-index,eefefe08e681bf7de0b2fe6f8860185abd23412344bc36dd32c66b2cca2baebb
188,https://resumekraft.com/resume-samples/page/188/,12,reviewed-index,039ff265181a2dc30d8240592e2d358a414c0633262cda563e7719ad2bff43c3
189,https://resumekraft.com/resume-samples/page/189/,12,reviewed-index,e6951c3f696dc59cea2966cc806d6a7ab2c96a0ed7c99476b7f49f1f72585590
190,https://resumekraft.com/resume-samples/page/190/,12,reviewed-index,c998b49017d1a96abae2ec901ab90acdc1edf9ec48acda96f951a93112001a13
191,https://resumekraft.com/resume-samples/page/191/,12,reviewed-index,323f2125893e48d45558b94044aeaa379fa4c114b25305f01a90ea3ee3de3e92
192,https://resumekraft.com/resume-samples/page/192/,12,reviewed-index,388471dc7a247cc8c20d0c1c0a3f35feac8c68d2b058ae98a8b2c643974b2c21
193,https://resumekraft.com/resume-samples/page/193/,12,reviewed-index,13ab17f4fcf3bbfa9e33feb5f0ffbb8be38e2f686d23192384f07fe4fe780fe1
194,https://resumekraft.com/resume-samples/page/194/,12,reviewed-index,27ddd71284bff80acc1e83119df9ab7f725b85f9b36765e14bbd918010247a53
195,https://resumekraft.com/resume-samples/page/195/,12,reviewed-index,8f855109c0d47ecc2f49b5ce5da5441853a938d38a31f94aae6f9080381c1caf
196,https://resumekraft.com/resume-samples/page/196/,12,reviewed-index,35a141e602c936c6572cf80dcdff6671a4c5e4416163a4163a46e84951769dd3
197,https://resumekraft.com/resume-samples/page/197/,12,reviewed-index,6e47aee2a8222af36e5f6c55b17ed5406d35d29f19b7fc649be6a0aeaab21daa
198,https://resumekraft.com/resume-samples/page/198/,12,reviewed-index,b6b8ee561b27e9e9d7bb5920d6195f7bdad28e91cc8a94320c19637643b4bf89
199,https://resumekraft.com/resume-samples/page/199/,12,reviewed-index,6981c0c8ebe23577447fb39bf1514939a256ea8d340bf87b3603458cc121637a
200,https://resumekraft.com/resume-samples/page/200/,6,reviewed-index,7eb8b196d7f0b39e194d16ecad90a1a3022a6bb2d03622d527b0716a0cbb5123
